Audio_0_16bit.wav, 0
Audio_1_16bit.wav, 0
Audio_2_16bit.wav, 0
Audio_3_16bit.wav, 0
Audio_4_16bit.wav, 0
Audio_5_16bit.wav, 0
Audio_6_16bit.wav, 0
Audio_7_16bit.wav, 0
Audio_8_16bit.wav, 0
Audio_9_16bit.wav, 0
Audio_10_16bit.wav, 0
Audio_11_16bit.wav, 0
Audio_12_16bit.wav, 0
Audio_13_16bit.wav, 0
Audio_14_16bit.wav, 0
Audio_15_16bit.wav, 0
Audio_16_16bit.wav, 0
Audio_17_16bit.wav, 0
Audio_18_16bit.wav, 0
Audio_19_16bit.wav, 0
Audio_20_16bit.wav, 0
Audio_21_16bit.wav, 0
Audio_22_16bit.wav, 0
Audio_23_16bit.wav, 0
Audio_24_16bit.wav, 0
Audio_25_16bit.wav, 0
Audio_26_16bit.wav, 0
Audio_27_16bit.wav, 0
Audio_28_16bit.wav, 0
Audio_29_16bit.wav, 0
Audio_30_16bit.wav, 0
Audio_31_16bit.wav, 0
Audio_32_16bit.wav, 0
Audio_33_16bit.wav, 0
Audio_34_16bit.wav, 0
Audio_35_16bit.wav, 0
Audio_36_16bit.wav, 0
Audio_37_16bit.wav, 0
Audio_38_16bit.wav, 0
Audio_39_16bit.wav, 0
Audio_40_16bit.wav, 0
Audio_41_16bit.wav, 0
Audio_42_16bit.wav, 0
Audio_43_16bit.wav, 0
Audio_44_16bit.wav, 0
Audio_45_16bit.wav, 0
Audio_46_16bit.wav, 0
Audio_47_16bit.wav, 0
Audio_48_16bit.wav, 0
Audio_49_16bit.wav, 0
hid_lsb_05_Audio_0_16bit_000, 1
hid_lsb_05_Audio_1_16bit_000, 1
hid_lsb_05_Audio_2_16bit_000, 1
hid_lsb_05_Audio_3_16bit_000, 1
hid_lsb_05_Audio_4_16bit_000, 1
hid_lsb_05_Audio_5_16bit_000, 1
hid_lsb_05_Audio_6_16bit_000, 1
hid_lsb_05_Audio_7_16bit_000, 1
hid_lsb_05_Audio_8_16bit_000, 1
hid_lsb_05_Audio_9_16bit_000, 1
hid_lsb_05_Audio_10_16bit_000, 1
hid_lsb_05_Audio_11_16bit_000, 1
hid_lsb_05_Audio_12_16bit_000, 1
hid_lsb_05_Audio_13_16bit_000, 1
hid_lsb_05_Audio_14_16bit_000, 1
hid_lsb_05_Audio_15_16bit_000, 1
hid_lsb_05_Audio_16_16bit_000, 1
hid_lsb_05_Audio_17_16bit_000, 1
hid_lsb_05_Audio_18_16bit_000, 1
hid_lsb_05_Audio_19_16bit_000, 1
hid_lsb_05_Audio_20_16bit_000, 1
hid_lsb_05_Audio_21_16bit_000, 1
hid_lsb_05_Audio_22_16bit_000, 1
hid_lsb_05_Audio_23_16bit_000, 1
hid_lsb_05_Audio_24_16bit_000, 1
hid_lsb_05_Audio_25_16bit_000, 1
hid_lsb_05_Audio_26_16bit_000, 1
hid_lsb_05_Audio_27_16bit_000, 1
hid_lsb_05_Audio_28_16bit_000, 1
hid_lsb_05_Audio_29_16bit_000, 1
hid_lsb_05_Audio_30_16bit_000, 1
hid_lsb_05_Audio_31_16bit_000, 1
hid_lsb_05_Audio_32_16bit_000, 1
hid_lsb_05_Audio_33_16bit_000, 1
hid_lsb_05_Audio_34_16bit_000, 1
hid_lsb_05_Audio_35_16bit_000, 1
hid_lsb_05_Audio_36_16bit_000, 1
hid_lsb_05_Audio_37_16bit_000, 1
hid_lsb_05_Audio_38_16bit_000, 1
hid_lsb_05_Audio_39_16bit_000, 1
hid_lsb_05_Audio_40_16bit_000, 1
hid_lsb_05_Audio_41_16bit_000, 1
hid_lsb_05_Audio_42_16bit_000, 1
hid_lsb_05_Audio_43_16bit_000, 1
hid_lsb_05_Audio_44_16bit_000, 1
hid_lsb_05_Audio_45_16bit_000, 1
hid_lsb_05_Audio_46_16bit_000, 1
hid_lsb_05_Audio_47_16bit_000, 1
hid_lsb_05_Audio_48_16bit_000, 1
hid_lsb_05_Audio_49_16bit_000, 1