Audio_10_16bit.wav, 0
Audio_11_16bit.wav, 0
Audio_12_16bit.wav, 0
Audio_13_16bit.wav, 0
Audio_14_16bit.wav, 0
Audio_15_16bit.wav, 0
Audio_16_16bit.wav, 0
Audio_17_16bit.wav, 0
Audio_18_16bit.wav, 0
Audio_19_16bit.wav, 0
hid_lsb_02_Audio_17_16bit_000, 1
hid_lsb_02_Audio_18_16bit_000, 1
hid_lsb_02_Audio_19_16bit_000, 1
hid_lsb_02_Audio_20_16bit_000, 1
hid_lsb_02_Audio_21_16bit_000, 1
hid_lsb_02_Audio_22_16bit_000, 1
hid_lsb_02_Audio_23_16bit_000, 1
hid_lsb_02_Audio_24_16bit_000, 1
hid_lsb_02_Audio_25_16bit_000, 1
hid_lsb_02_Audio_26_16bit_000, 1